Model,Description,Threshold,Accuracy,Precision,Recall,F1_Score,ROC_AUC,TN,FP,FN,TP
LightGBM,"LightGBM (100 trees, lr=0.1)",0.3,0.9220527717259743,0.43283582089552236,0.40559440559440557,0.4187725631768953,0.8716378549928614,3693,152,170,116
XGBoost,"XGBoost (100 trees, lr=0.1)",0.5,0.8148148148148148,0.21922626025791325,0.6538461538461539,0.3283582089552239,0.861391144616112,3179,666,99,187
Random_Forest,"Random Forest (100 trees, max_depth=10)",0.5,0.8712176228516098,0.26346153846153847,0.479020979020979,0.3399503722084367,0.8405885401984231,3462,383,149,137
DNN_Ensemble,"Deep Neural Network (3 models, Cost-Sensitive Focal Loss)",0.2,0.758,0.1886,0.7517,0.3015,0.8254,2920,925,71,215
Logistic_Regression,Logistic Regression (L2 regularization),0.5,0.7223432582909707,0.17162471395881007,0.7867132867132867,0.2817783343769568,0.8242872861858557,2759,1086,61,225
SVM,"SVM (RBF kernel, C=1.0)",0.5,0.8339385136770757,0.22527472527472528,0.5734265734265734,0.3234714003944773,0.8216819591331945,3281,564,122,164
